<?xml version="1.0" encoding="UTF-8" standalone="no" ?>
<Project xmlns:xsi="http://www.w3.org/2001/XMLSchema-instance" xsi:noNamespaceSchemaLocation="project_projx.xsd">

  <SchemaVersion>2.1</SchemaVersion>

  <Header>### uVision Project, (C) Keil Software</Header>

  <Targets>
    <Target>
      <TargetName>STM32F4-Discovery</TargetName>
      <ToolsetNumber>0x4</ToolsetNumber>
      <ToolsetName>ARM-ADS</ToolsetName>
      <TargetOption>
        <TargetCommonOption>
          <Device>STM32F407VGTx</Device>
          <Vendor>STMicroelectronics</Vendor>
          <PackID>Keil.STM32F4xx_DFP.2.4.0</PackID>
          <PackURL>http://www.keil.com/pack</PackURL>
          <Cpu>IROM(0x08000000,0x100000) IRAM(0x20000000,0x20000) IRAM2(0x10000000,0x10000) CPUTYPE("Cortex-M4") FPU2 CLOCK(12000000) ELITTLE</Cpu>
          <FlashUtilSpec></FlashUtilSpec>
          <StartupFile></StartupFile>
          <FlashDriverDll>UL2CM3(-S0 -C0 -P0 -FD20000000 -FC1000 -FN1 -FF0STM32F4xx_1024 -FS08000000 -FL0100000 -FP0($$Device:STM32F407VGTx$CMSIS\Flash\STM32F4xx_1024.FLM))</FlashDriverDll>
          <DeviceId>0</DeviceId>
          <RegisterFile>$$Device:STM32F407VGTx$Drivers\CMSIS\Device\ST\STM32F4xx\Include\stm32f4xx.h</RegisterFile>
          <MemoryEnv></MemoryEnv>
          <Cmp></Cmp>
          <Asm></Asm>
          <Linker></Linker>
          <OHString></OHString>
          <InfinionOptionDll></InfinionOptionDll>
          <SLE66CMisc></SLE66CMisc>
          <SLE66AMisc></SLE66AMisc>
          <SLE66LinkerMisc></SLE66LinkerMisc>
          <SFDFile>$$Device:STM32F407VGTx$CMSIS\SVD\STM32F40x.svd</SFDFile>
          <bCustSvd>0</bCustSvd>
          <UseEnv>0</UseEnv>
          <BinPath></BinPath>
          <IncludePath></IncludePath>
          <LibPath></LibPath>
          <RegisterFilePath></RegisterFilePath>
          <DBRegisterFilePath></DBRegisterFilePath>
          <TargetStatus>
            <Error>0</Error>
            <ExitCodeStop>0</ExitCodeStop>
            <ButtonStop>0</ButtonStop>
            <NotGenerated>0</NotGenerated>
            <InvalidFlash>1</InvalidFlash>
          </TargetStatus>
          <OutputDirectory>.\Targets\STM32F4_Discovery\</OutputDirectory>
          <OutputName>project</OutputName>
          <CreateExecutable>1</CreateExecutable>
          <CreateLib>0</CreateLib>
          <CreateHexFile>1</CreateHexFile>
          <DebugInformation>1</DebugInformation>
          <BrowseInformation>1</BrowseInformation>
          <ListingPath>.\</ListingPath>
          <HexFormatSelection>1</HexFormatSelection>
          <Merge32K>0</Merge32K>
          <CreateBatchFile>0</CreateBatchFile>
          <BeforeCompile>
            <RunUserProg1>0</RunUserProg1>
            <RunUserProg2>0</RunUserProg2>
            <UserProg1Name></UserProg1Name>
            <UserProg2Name></UserProg2Name>
            <UserProg1Dos16Mode>0</UserProg1Dos16Mode>
            <UserProg2Dos16Mode>0</UserProg2Dos16Mode>
            <nStopU1X>0</nStopU1X>
            <nStopU2X>0</nStopU2X>
          </BeforeCompile>
          <BeforeMake>
            <RunUserProg1>0</RunUserProg1>
            <RunUserProg2>0</RunUserProg2>
            <UserProg1Name></UserProg1Name>
            <UserProg2Name></UserProg2Name>
            <UserProg1Dos16Mode>0</UserProg1Dos16Mode>
            <UserProg2Dos16Mode>0</UserProg2Dos16Mode>
            <nStopB1X>0</nStopB1X>
            <nStopB2X>0</nStopB2X>
          </BeforeMake>
          <AfterMake>
            <RunUserProg1>0</RunUserProg1>
            <RunUserProg2>0</RunUserProg2>
            <UserProg1Name></UserProg1Name>
            <UserProg2Name></UserProg2Name>
            <UserProg1Dos16Mode>0</UserProg1Dos16Mode>
            <UserProg2Dos16Mode>0</UserProg2Dos16Mode>
          </AfterMake>
          <SelectedForBatchBuild>1</SelectedForBatchBuild>
          <SVCSIdString></SVCSIdString>
        </TargetCommonOption>
        <CommonProperty>
          <UseCPPCompiler>0</UseCPPCompiler>
          <RVCTCodeConst>0</RVCTCodeConst>
          <RVCTZI>0</RVCTZI>
          <RVCTOtherData>0</RVCTOtherData>
          <ModuleSelection>0</ModuleSelection>
          <IncludeInBuild>1</IncludeInBuild>
          <AlwaysBuild>0</AlwaysBuild>
          <GenerateAssemblyFile>0</GenerateAssemblyFile>
          <AssembleAssemblyFile>0</AssembleAssemblyFile>
          <PublicsOnly>0</PublicsOnly>
          <StopOnExitCode>3</StopOnExitCode>
          <CustomArgument></CustomArgument>
          <IncludeLibraryModules></IncludeLibraryModules>
          <ComprImg>1</ComprImg>
        </CommonProperty>
        <DllOption>
          <SimDllName>SARMCM3.DLL</SimDllName>
          <SimDllArguments> -REMAP -MPU</SimDllArguments>
          <SimDlgDll>DCM.DLL</SimDlgDll>
          <SimDlgDllArguments>-pCM4</SimDlgDllArguments>
          <TargetDllName>SARMCM3.DLL</TargetDllName>
          <TargetDllArguments> -MPU</TargetDllArguments>
          <TargetDlgDll>TCM.DLL</TargetDlgDll>
          <TargetDlgDllArguments>-pCM4</TargetDlgDllArguments>
        </DllOption>
        <DebugOption>
          <OPTHX>
            <HexSelection>1</HexSelection>
            <HexRangeLowAddress>0</HexRangeLowAddress>
            <HexRangeHighAddress>0</HexRangeHighAddress>
            <HexOffset>0</HexOffset>
            <Oh166RecLen>16</Oh166RecLen>
          </OPTHX>
          <Simulator>
            <UseSimulator>0</UseSimulator>
            <LoadApplicationAtStartup>1</LoadApplicationAtStartup>
            <RunToMain>1</RunToMain>
            <RestoreBreakpoints>1</RestoreBreakpoints>
            <RestoreWatchpoints>1</RestoreWatchpoints>
            <RestoreMemoryDisplay>1</RestoreMemoryDisplay>
            <RestoreFunctions>1</RestoreFunctions>
            <RestoreToolbox>1</RestoreToolbox>
            <LimitSpeedToRealTime>0</LimitSpeedToRealTime>
            <RestoreSysVw>1</RestoreSysVw>
          </Simulator>
          <Target>
            <UseTarget>1</UseTarget>
            <LoadApplicationAtStartup>1</LoadApplicationAtStartup>
            <RunToMain>1</RunToMain>
            <RestoreBreakpoints>1</RestoreBreakpoints>
            <RestoreWatchpoints>1</RestoreWatchpoints>
            <RestoreMemoryDisplay>1</RestoreMemoryDisplay>
            <RestoreFunctions>0</RestoreFunctions>
            <RestoreToolbox>1</RestoreToolbox>
            <RestoreTracepoints>1</RestoreTracepoints>
            <RestoreSysVw>1</RestoreSysVw>
          </Target>
          <RunDebugAfterBuild>0</RunDebugAfterBuild>
          <TargetSelection>11</TargetSelection>
          <SimDlls>
            <CpuDll></CpuDll>
            <CpuDllArguments></CpuDllArguments>
            <PeripheralDll></PeripheralDll>
            <PeripheralDllArguments></PeripheralDllArguments>
            <InitializationFile></InitializationFile>
          </SimDlls>
          <TargetDlls>
            <CpuDll></CpuDll>
            <CpuDllArguments></CpuDllArguments>
            <PeripheralDll></PeripheralDll>
            <PeripheralDllArguments></PeripheralDllArguments>
            <InitializationFile></InitializationFile>
            <Driver>STLink\ST-LINKIII-KEIL_SWO.dll</Driver>
          </TargetDlls>
        </DebugOption>
        <Utilities>
          <Flash1>
            <UseTargetDll>1</UseTargetDll>
            <UseExternalTool>0</UseExternalTool>
            <RunIndependent>0</RunIndependent>
            <UpdateFlashBeforeDebugging>1</UpdateFlashBeforeDebugging>
            <Capability>1</Capability>
            <DriverSelection>4096</DriverSelection>
          </Flash1>
          <bUseTDR>1</bUseTDR>
          <Flash2>BIN\UL2CM3.DLL</Flash2>
          <Flash3>"" ()</Flash3>
          <Flash4></Flash4>
          <pFcarmOut></pFcarmOut>
          <pFcarmGrp></pFcarmGrp>
          <pFcArmRoot></pFcArmRoot>
          <FcArmLst>0</FcArmLst>
        </Utilities>
        <TargetArmAds>
          <ArmAdsMisc>
            <GenerateListings>0</GenerateListings>
            <asHll>1</asHll>
            <asAsm>1</asAsm>
            <asMacX>1</asMacX>
            <asSyms>1</asSyms>
            <asFals>1</asFals>
            <asDbgD>1</asDbgD>
            <asForm>1</asForm>
            <ldLst>0</ldLst>
            <ldmm>1</ldmm>
            <ldXref>1</ldXref>
            <BigEnd>0</BigEnd>
            <AdsALst>1</AdsALst>
            <AdsACrf>1</AdsACrf>
            <AdsANop>0</AdsANop>
            <AdsANot>0</AdsANot>
            <AdsLLst>1</AdsLLst>
            <AdsLmap>1</AdsLmap>
            <AdsLcgr>1</AdsLcgr>
            <AdsLsym>1</AdsLsym>
            <AdsLszi>1</AdsLszi>
            <AdsLtoi>1</AdsLtoi>
            <AdsLsun>1</AdsLsun>
            <AdsLven>1</AdsLven>
            <AdsLsxf>1</AdsLsxf>
            <RvctClst>0</RvctClst>
            <GenPPlst>0</GenPPlst>
            <AdsCpuType>"Cortex-M4"</AdsCpuType>
            <RvctDeviceName></RvctDeviceName>
            <mOS>0</mOS>
            <uocRom>0</uocRom>
            <uocRam>0</uocRam>
            <hadIROM>1</hadIROM>
            <hadIRAM>1</hadIRAM>
            <hadXRAM>0</hadXRAM>
            <uocXRam>0</uocXRam>
            <RvdsVP>2</RvdsVP>
            <hadIRAM2>1</hadIRAM2>
            <hadIROM2>0</hadIROM2>
            <StupSel>8</StupSel>
            <useUlib>1</useUlib>
            <EndSel>0</EndSel>
            <uLtcg>0</uLtcg>
            <RoSelD>3</RoSelD>
            <RwSelD>3</RwSelD>
            <CodeSel>0</CodeSel>
            <OptFeed>0</OptFeed>
            <NoZi1>0</NoZi1>
            <NoZi2>0</NoZi2>
            <NoZi3>0</NoZi3>
            <NoZi4>0</NoZi4>
            <NoZi5>0</NoZi5>
            <Ro1Chk>0</Ro1Chk>
            <Ro2Chk>0</Ro2Chk>
            <Ro3Chk>0</Ro3Chk>
            <Ir1Chk>1</Ir1Chk>
            <Ir2Chk>0</Ir2Chk>
            <Ra1Chk>0</Ra1Chk>
            <Ra2Chk>0</Ra2Chk>
            <Ra3Chk>0</Ra3Chk>
            <Im1Chk>1</Im1Chk>
            <Im2Chk>0</Im2Chk>
            <OnChipMemories>
              <Ocm1>
                <Type>0</Type>
                <StartAddress>0x0</StartAddress>
                <Size>0x0</Size>
              </Ocm1>
              <Ocm2>
                <Type>0</Type>
                <StartAddress>0x0</StartAddress>
                <Size>0x0</Size>
              </Ocm2>
              <Ocm3>
                <Type>0</Type>
                <StartAddress>0x0</StartAddress>
                <Size>0x0</Size>
              </Ocm3>
              <Ocm4>
                <Type>0</Type>
                <StartAddress>0x0</StartAddress>
                <Size>0x0</Size>
              </Ocm4>
              <Ocm5>
                <Type>0</Type>
                <StartAddress>0x0</StartAddress>
                <Size>0x0</Size>
              </Ocm5>
              <Ocm6>
                <Type>0</Type>
                <StartAddress>0x0</StartAddress>
                <Size>0x0</Size>
              </Ocm6>
              <IRAM>
                <Type>0</Type>
                <StartAddress>0x20000000</StartAddress>
                <Size>0x20000</Size>
              </IRAM>
              <IROM>
                <Type>1</Type>
                <StartAddress>0x8000000</StartAddress>
                <Size>0x100000</Size>
              </IROM>
              <XRAM>
                <Type>0</Type>
                <StartAddress>0x0</StartAddress>
                <Size>0x0</Size>
              </XRAM>
              <OCR_RVCT1>
                <Type>1</Type>
                <StartAddress>0x0</StartAddress>
                <Size>0x0</Size>
              </OCR_RVCT1>
              <OCR_RVCT2>
                <Type>1</Type>
                <StartAddress>0x0</StartAddress>
                <Size>0x0</Size>
              </OCR_RVCT2>
              <OCR_RVCT3>
                <Type>1</Type>
                <StartAddress>0x0</StartAddress>
                <Size>0x0</Size>
              </OCR_RVCT3>
              <OCR_RVCT4>
                <Type>1</Type>
                <StartAddress>0x8000000</StartAddress>
                <Size>0x100000</Size>
              </OCR_RVCT4>
              <OCR_RVCT5>
                <Type>1</Type>
                <StartAddress>0x0</StartAddress>
                <Size>0x0</Size>
              </OCR_RVCT5>
              <OCR_RVCT6>
                <Type>0</Type>
                <StartAddress>0x0</StartAddress>
                <Size>0x0</Size>
              </OCR_RVCT6>
              <OCR_RVCT7>
                <Type>0</Type>
                <StartAddress>0x0</StartAddress>
                <Size>0x0</Size>
              </OCR_RVCT7>
              <OCR_RVCT8>
                <Type>0</Type>
                <StartAddress>0x0</StartAddress>
                <Size>0x0</Size>
              </OCR_RVCT8>
              <OCR_RVCT9>
                <Type>0</Type>
                <StartAddress>0x20000000</StartAddress>
                <Size>0x20000</Size>
              </OCR_RVCT9>
              <OCR_RVCT10>
                <Type>0</Type>
                <StartAddress>0x10000000</StartAddress>
                <Size>0x10000</Size>
              </OCR_RVCT10>
            </OnChipMemories>
            <RvctStartVector></RvctStartVector>
          </ArmAdsMisc>
          <Cads>
            <interw>1</interw>
            <Optim>0</Optim>
            <oTime>0</oTime>
            <SplitLS>0</SplitLS>
            <OneElfS>0</OneElfS>
            <Strict>0</Strict>
            <EnumInt>0</EnumInt>
            <PlainCh>0</PlainCh>
            <Ropi>0</Ropi>
            <Rwpi>0</Rwpi>
            <wLevel>0</wLevel>
            <uThumb>0</uThumb>
            <uSurpInc>0</uSurpInc>
            <uC99>0</uC99>
            <useXO>0</useXO>
            <VariousControls>
              <MiscControls></MiscControls>
              <Define>STM32F40_41xxx,USE_STDPERIPH_DRIVER,STM32F4XX,KEIL_IDE,TM_DISCO_STM32F4_DISCOVERY,PLL_M=8,PLL_N=336,PLL_P=2,PLL_Q=7</Define>
              <Undefine></Undefine>
              <IncludePath>.\User;.\TM;..\00-STM32F429_LIBRARIES;..\00-STM32F4xx_STANDARD_PERIPHERAL_DRIVERS\STM32F4xx_StdPeriph_Driver\inc;..\00-STM32F4xx_STANDARD_PERIPHERAL_DRIVERS\STM32F4xx_StdPeriph_Driver\src;..\00-STM32F4xx_STANDARD_PERIPHERAL_DRIVERS\CMSIS\Device\ST\STM32F4xx\Include;..\00-STM32F4xx_STANDARD_PERIPHERAL_DRIVERS\CMSIS\Device\ST\STM32F4xx\Source\Templates\arm;..\00-STM32F4xx_STANDARD_PERIPHERAL_DRIVERS\CMSIS\Include;..\00-STM32F429_LIBRARIES\fatfs;..\00-STM32F429_LIBRARIES\fatfs\option;..\00-STM32F429_LIBRARIES\fatfs\drivers;..\00-STM32F429_LIBRARIES\usb_msc_host</IncludePath>
            </VariousControls>
          </Cads>
          <Aads>
            <interw>1</interw>
            <Ropi>0</Ropi>
            <Rwpi>0</Rwpi>
            <thumb>0</thumb>
            <SplitLS>0</SplitLS>
            <SwStkChk>0</SwStkChk>
            <NoWarn>0</NoWarn>
            <uSurpInc>0</uSurpInc>
            <useXO>0</useXO>
            <VariousControls>
              <MiscControls></MiscControls>
              <Define></Define>
              <Undefine></Undefine>
              <IncludePath></IncludePath>
            </VariousControls>
          </Aads>
          <LDads>
            <umfTarg>1</umfTarg>
            <Ropi>0</Ropi>
            <Rwpi>0</Rwpi>
            <noStLib>0</noStLib>
            <RepFail>1</RepFail>
            <useFile>0</useFile>
            <TextAddressRange>0x08000000</TextAddressRange>
            <DataAddressRange>0x20000000</DataAddressRange>
            <pXoBase></pXoBase>
            <ScatterFile></ScatterFile>
            <IncludeLibs></IncludeLibs>
            <IncludeLibsPath></IncludeLibsPath>
            <Misc></Misc>
            <LinkerInputFile></LinkerInputFile>
            <DisabledWarnings></DisabledWarnings>
          </LDads>
        </TargetArmAds>
      </TargetOption>
      <Groups>
        <Group>
          <GroupName>CMSIS</GroupName>
          <Files>
            <File>
              <FileName>stm32f4xx.h</FileName>
              <FileType>5</FileType>
              <FilePath>..\00-STM32F4xx_STANDARD_PERIPHERAL_DRIVERS\CMSIS\Device\ST\STM32F4xx\Include\stm32f4xx.h</FilePath>
            </File>
            <File>
              <FileName>system_stm32f4xx.h</FileName>
              <FileType>5</FileType>
              <FilePath>..\00-STM32F4xx_STANDARD_PERIPHERAL_DRIVERS\CMSIS\Device\ST\STM32F4xx\Include\system_stm32f4xx.h</FilePath>
            </File>
          </Files>
        </Group>
        <Group>
          <GroupName>Startup</GroupName>
          <Files>
            <File>
              <FileName>startup_stm32f40_41xxx.s</FileName>
              <FileType>2</FileType>
              <FilePath>..\00-STM32F4xx_STANDARD_PERIPHERAL_DRIVERS\CMSIS\Device\ST\STM32F4xx\Source\Templates\arm\startup_stm32f40_41xxx.s</FilePath>
              <FileOption>
                <CommonProperty>
                  <UseCPPCompiler>2</UseCPPCompiler>
                  <RVCTCodeConst>0</RVCTCodeConst>
                  <RVCTZI>0</RVCTZI>
                  <RVCTOtherData>0</RVCTOtherData>
                  <ModuleSelection>0</ModuleSelection>
                  <IncludeInBuild>1</IncludeInBuild>
                  <AlwaysBuild>1</AlwaysBuild>
                  <GenerateAssemblyFile>2</GenerateAssemblyFile>
                  <AssembleAssemblyFile>2</AssembleAssemblyFile>
                  <PublicsOnly>2</PublicsOnly>
                  <StopOnExitCode>11</StopOnExitCode>
                  <CustomArgument></CustomArgument>
                  <IncludeLibraryModules></IncludeLibraryModules>
                  <ComprImg>1</ComprImg>
                </CommonProperty>
                <FileArmAds>
                  <Aads>
                    <interw>2</interw>
                    <Ropi>2</Ropi>
                    <Rwpi>2</Rwpi>
                    <thumb>2</thumb>
                    <SplitLS>2</SplitLS>
                    <SwStkChk>2</SwStkChk>
                    <NoWarn>2</NoWarn>
                    <uSurpInc>2</uSurpInc>
                    <useXO>2</useXO>
                    <VariousControls>
                      <MiscControls></MiscControls>
                      <Define></Define>
                      <Undefine></Undefine>
                      <IncludePath></IncludePath>
                    </VariousControls>
                  </Aads>
                </FileArmAds>
              </FileOption>
            </File>
            <File>
              <FileName>startup_stm32f401xx.s</FileName>
              <FileType>2</FileType>
              <FilePath>..\00-STM32F4xx_STANDARD_PERIPHERAL_DRIVERS\CMSIS\Device\ST\STM32F4xx\Source\Templates\arm\startup_stm32f401xx.s</FilePath>
              <FileOption>
                <CommonProperty>
                  <UseCPPCompiler>2</UseCPPCompiler>
                  <RVCTCodeConst>0</RVCTCodeConst>
                  <RVCTZI>0</RVCTZI>
                  <RVCTOtherData>0</RVCTOtherData>
                  <ModuleSelection>0</ModuleSelection>
                  <IncludeInBuild>0</IncludeInBuild>
                  <AlwaysBuild>0</AlwaysBuild>
                  <GenerateAssemblyFile>2</GenerateAssemblyFile>
                  <AssembleAssemblyFile>2</AssembleAssemblyFile>
                  <PublicsOnly>2</PublicsOnly>
                  <StopOnExitCode>11</StopOnExitCode>
                  <CustomArgument></CustomArgument>
                  <IncludeLibraryModules></IncludeLibraryModules>
                  <ComprImg>1</ComprImg>
                </CommonProperty>
                <FileArmAds>
                  <Aads>
                    <interw>2</interw>
                    <Ropi>2</Ropi>
                    <Rwpi>2</Rwpi>
                    <thumb>2</thumb>
                    <SplitLS>2</SplitLS>
                    <SwStkChk>2</SwStkChk>
                    <NoWarn>2</NoWarn>
                    <uSurpInc>2</uSurpInc>
                    <useXO>2</useXO>
                    <VariousControls>
                      <MiscControls></MiscControls>
                      <Define></Define>
                      <Undefine></Undefine>
                      <IncludePath></IncludePath>
                    </VariousControls>
                  </Aads>
                </FileArmAds>
              </FileOption>
            </File>
            <File>
              <FileName>startup_stm32f411xe.s</FileName>
              <FileType>2</FileType>
              <FilePath>..\00-STM32F4xx_STANDARD_PERIPHERAL_DRIVERS\CMSIS\Device\ST\STM32F4xx\Source\Templates\arm\startup_stm32f411xe.s</FilePath>
              <FileOption>
                <CommonProperty>
                  <UseCPPCompiler>2</UseCPPCompiler>
                  <RVCTCodeConst>0</RVCTCodeConst>
                  <RVCTZI>0</RVCTZI>
                  <RVCTOtherData>0</RVCTOtherData>
                  <ModuleSelection>0</ModuleSelection>
                  <IncludeInBuild>0</IncludeInBuild>
                  <AlwaysBuild>0</AlwaysBuild>
                  <GenerateAssemblyFile>2</GenerateAssemblyFile>
                  <AssembleAssemblyFile>2</AssembleAssemblyFile>
                  <PublicsOnly>2</PublicsOnly>
                  <StopOnExitCode>11</StopOnExitCode>
                  <CustomArgument></CustomArgument>
                  <IncludeLibraryModules></IncludeLibraryModules>
                  <ComprImg>1</ComprImg>
                </CommonProperty>
                <FileArmAds>
                  <Aads>
                    <interw>2</interw>
                    <Ropi>2</Ropi>
                    <Rwpi>2</Rwpi>
                    <thumb>2</thumb>
                    <SplitLS>2</SplitLS>
                    <SwStkChk>2</SwStkChk>
                    <NoWarn>2</NoWarn>
                    <uSurpInc>2</uSurpInc>
                    <useXO>2</useXO>
                    <VariousControls>
                      <MiscControls></MiscControls>
                      <Define></Define>
                      <Undefine></Undefine>
                      <IncludePath></IncludePath>
                    </VariousControls>
                  </Aads>
                </FileArmAds>
              </FileOption>
            </File>
            <File>
              <FileName>startup_stm32f429_439xx.s</FileName>
              <FileType>2</FileType>
              <FilePath>..\00-STM32F4xx_STANDARD_PERIPHERAL_DRIVERS\CMSIS\Device\ST\STM32F4xx\Source\Templates\arm\startup_stm32f429_439xx.s</FilePath>
              <FileOption>
                <CommonProperty>
                  <UseCPPCompiler>2</UseCPPCompiler>
                  <RVCTCodeConst>0</RVCTCodeConst>
                  <RVCTZI>0</RVCTZI>
                  <RVCTOtherData>0</RVCTOtherData>
                  <ModuleSelection>0</ModuleSelection>
                  <IncludeInBuild>0</IncludeInBuild>
                  <AlwaysBuild>0</AlwaysBuild>
                  <GenerateAssemblyFile>2</GenerateAssemblyFile>
                  <AssembleAssemblyFile>2</AssembleAssemblyFile>
                  <PublicsOnly>2</PublicsOnly>
                  <StopOnExitCode>11</StopOnExitCode>
                  <CustomArgument></CustomArgument>
                  <IncludeLibraryModules></IncludeLibraryModules>
                  <ComprImg>1</ComprImg>
                </CommonProperty>
                <FileArmAds>
                  <Aads>
                    <interw>2</interw>
                    <Ropi>2</Ropi>
                    <Rwpi>2</Rwpi>
                    <thumb>2</thumb>
                    <SplitLS>2</SplitLS>
                    <SwStkChk>2</SwStkChk>
                    <NoWarn>2</NoWarn>
                    <uSurpInc>2</uSurpInc>
                    <useXO>2</useXO>
                    <VariousControls>
                      <MiscControls></MiscControls>
                      <Define></Define>
                      <Undefine></Undefine>
                      <IncludePath></IncludePath>
                    </VariousControls>
                  </Aads>
                </FileArmAds>
              </FileOption>
            </File>
            <File>
              <FileName>startup_stm32f446xx.s</FileName>
              <FileType>2</FileType>
              <FilePath>..\00-STM32F4xx_STANDARD_PERIPHERAL_DRIVERS\CMSIS\Device\ST\STM32F4xx\Source\Templates\arm\startup_stm32f446xx.s</FilePath>
              <FileOption>
                <CommonProperty>
                  <UseCPPCompiler>2</UseCPPCompiler>
                  <RVCTCodeConst>0</RVCTCodeConst>
                  <RVCTZI>0</RVCTZI>
                  <RVCTOtherData>0</RVCTOtherData>
                  <ModuleSelection>0</ModuleSelection>
                  <IncludeInBuild>0</IncludeInBuild>
                  <AlwaysBuild>2</AlwaysBuild>
                  <GenerateAssemblyFile>2</GenerateAssemblyFile>
                  <AssembleAssemblyFile>2</AssembleAssemblyFile>
                  <PublicsOnly>2</PublicsOnly>
                  <StopOnExitCode>11</StopOnExitCode>
                  <CustomArgument></CustomArgument>
                  <IncludeLibraryModules></IncludeLibraryModules>
                  <ComprImg>1</ComprImg>
                </CommonProperty>
                <FileArmAds>
                  <Aads>
                    <interw>2</interw>
                    <Ropi>2</Ropi>
                    <Rwpi>2</Rwpi>
                    <thumb>2</thumb>
                    <SplitLS>2</SplitLS>
                    <SwStkChk>2</SwStkChk>
                    <NoWarn>2</NoWarn>
                    <uSurpInc>2</uSurpInc>
                    <useXO>2</useXO>
                    <VariousControls>
                      <MiscControls></MiscControls>
                      <Define></Define>
                      <Undefine></Undefine>
                      <IncludePath></IncludePath>
                    </VariousControls>
                  </Aads>
                </FileArmAds>
              </FileOption>
            </File>
          </Files>
        </Group>
        <Group>
          <GroupName>STD_Periph_Drivers</GroupName>
          <Files>
            <File>
              <FileName>misc.c</FileName>
              <FileType>1</FileType>
              <FilePath>..\00-STM32F4xx_STANDARD_PERIPHERAL_DRIVERS\STM32F4xx_StdPeriph_Driver\src\misc.c</FilePath>
            </File>
            <File>
              <FileName>stm32f4xx_rcc.c</FileName>
              <FileType>1</FileType>
              <FilePath>..\00-STM32F4xx_STANDARD_PERIPHERAL_DRIVERS\STM32F4xx_StdPeriph_Driver\src\stm32f4xx_rcc.c</FilePath>
            </File>
            <File>
              <FileName>stm32f4xx_gpio.c</FileName>
              <FileType>1</FileType>
              <FilePath>..\00-STM32F4xx_STANDARD_PERIPHERAL_DRIVERS\STM32F4xx_StdPeriph_Driver\src\stm32f4xx_gpio.c</FilePath>
            </File>
            <File>
              <FileName>stm32f4xx_usart.c</FileName>
              <FileType>1</FileType>
              <FilePath>..\00-STM32F4xx_STANDARD_PERIPHERAL_DRIVERS\STM32F4xx_StdPeriph_Driver\src\stm32f4xx_usart.c</FilePath>
            </File>
          </Files>
        </Group>
        <Group>
          <GroupName>TM</GroupName>
          <Files>
            <File>
              <FileName>tm_stm32f4_delay.c</FileName>
              <FileType>1</FileType>
              <FilePath>..\00-STM32F429_LIBRARIES\tm_stm32f4_delay.c</FilePath>
            </File>
            <File>
              <FileName>tm_stm32f4_delay.h</FileName>
              <FileType>5</FileType>
              <FilePath>..\00-STM32F429_LIBRARIES\tm_stm32f4_delay.h</FilePath>
            </File>
            <File>
              <FileName>tm_stm32f4_disco.c</FileName>
              <FileType>1</FileType>
              <FilePath>..\00-STM32F429_LIBRARIES\tm_stm32f4_disco.c</FilePath>
            </File>
            <File>
              <FileName>tm_stm32f4_disco.h</FileName>
              <FileType>5</FileType>
              <FilePath>..\00-STM32F429_LIBRARIES\tm_stm32f4_disco.h</FilePath>
            </File>
            <File>
              <FileName>tm_stm32f4_gpio.c</FileName>
              <FileType>1</FileType>
              <FilePath>..\00-STM32F429_LIBRARIES\tm_stm32f4_gpio.c</FilePath>
            </File>
            <File>
              <FileName>tm_stm32f4_gpio.h</FileName>
              <FileType>5</FileType>
              <FilePath>..\00-STM32F429_LIBRARIES\tm_stm32f4_gpio.h</FilePath>
            </File>
            <File>
              <FileName>tm_stm32f4_fatfs.c</FileName>
              <FileType>1</FileType>
              <FilePath>..\00-STM32F429_LIBRARIES\tm_stm32f4_fatfs.c</FilePath>
            </File>
            <File>
              <FileName>tm_stm32f4_fatfs.h</FileName>
              <FileType>5</FileType>
              <FilePath>..\00-STM32F429_LIBRARIES\tm_stm32f4_fatfs.h</FilePath>
            </File>
            <File>
              <FileName>tm_stm32f4_gps.c</FileName>
              <FileType>1</FileType>
              <FilePath>..\00-STM32F429_LIBRARIES\tm_stm32f4_gps.c</FilePath>
            </File>
            <File>
              <FileName>tm_stm32f4_gps.h</FileName>
              <FileType>5</FileType>
              <FilePath>..\00-STM32F429_LIBRARIES\tm_stm32f4_gps.h</FilePath>
            </File>
            <File>
              <FileName>tm_stm32f4_usart.c</FileName>
              <FileType>1</FileType>
              <FilePath>..\00-STM32F429_LIBRARIES\tm_stm32f4_usart.c</FilePath>
            </File>
            <File>
              <FileName>tm_stm32f4_usart.h</FileName>
              <FileType>5</FileType>
              <FilePath>..\00-STM32F429_LIBRARIES\tm_stm32f4_usart.h</FilePath>
            </File>
            <File>
              <FileName>tm_stm32f4_usb_msc_host.c</FileName>
              <FileType>1</FileType>
              <FilePath>..\00-STM32F429_LIBRARIES\tm_stm32f4_usb_msc_host.c</FilePath>
            </File>
            <File>
              <FileName>tm_stm32f4_usb_msc_host.h</FileName>
              <FileType>5</FileType>
              <FilePath>..\00-STM32F429_LIBRARIES\tm_stm32f4_usb_msc_host.h</FilePath>
            </File>
            <File>
              <FileName>tm_stm32f4_button.c</FileName>
              <FileType>1</FileType>
              <FilePath>..\00-STM32F429_LIBRARIES\tm_stm32f4_button.c</FilePath>
            </File>
            <File>
              <FileName>tm_stm32f4_button.h</FileName>
              <FileType>5</FileType>
              <FilePath>..\00-STM32F429_LIBRARIES\tm_stm32f4_button.h</FilePath>
            </File>
            <File>
              <FileName>tm_stm32f4_general.c</FileName>
              <FileType>1</FileType>
              <FilePath>..\00-STM32F429_LIBRARIES\tm_stm32f4_general.c</FilePath>
            </File>
            <File>
              <FileName>tm_stm32f4_general.h</FileName>
              <FileType>5</FileType>
              <FilePath>..\00-STM32F429_LIBRARIES\tm_stm32f4_general.h</FilePath>
            </File>
          </Files>
        </Group>
        <Group>
          <GroupName>User</GroupName>
          <Files>
            <File>
              <FileName>main.h</FileName>
              <FileType>5</FileType>
              <FilePath>.\User\main.h</FilePath>
            </File>
            <File>
              <FileName>main.c</FileName>
              <FileType>1</FileType>
              <FilePath>.\User\main.c</FilePath>
            </File>
            <File>
              <FileName>defines.h</FileName>
              <FileType>5</FileType>
              <FilePath>.\User\defines.h</FilePath>
            </File>
            <File>
              <FileName>stm32f4xx_conf.h</FileName>
              <FileType>5</FileType>
              <FilePath>.\User\stm32f4xx_conf.h</FilePath>
            </File>
            <File>
              <FileName>stm32f4xx_it.c</FileName>
              <FileType>1</FileType>
              <FilePath>.\User\stm32f4xx_it.c</FilePath>
            </File>
            <File>
              <FileName>stm32f4xx_it.h</FileName>
              <FileType>5</FileType>
              <FilePath>.\User\stm32f4xx_it.h</FilePath>
            </File>
            <File>
              <FileName>system_stm32f4xx.c</FileName>
              <FileType>1</FileType>
              <FilePath>.\User\system_stm32f4xx.c</FilePath>
            </File>
          </Files>
        </Group>
        <Group>
          <GroupName>Fatfs</GroupName>
          <Files>
            <File>
              <FileName>diskio.c</FileName>
              <FileType>1</FileType>
              <FilePath>..\00-STM32F429_LIBRARIES\fatfs\diskio.c</FilePath>
            </File>
            <File>
              <FileName>diskio.h</FileName>
              <FileType>5</FileType>
              <FilePath>..\00-STM32F429_LIBRARIES\fatfs\diskio.h</FilePath>
            </File>
            <File>
              <FileName>ff.c</FileName>
              <FileType>1</FileType>
              <FilePath>..\00-STM32F429_LIBRARIES\fatfs\ff.c</FilePath>
            </File>
            <File>
              <FileName>ff.h</FileName>
              <FileType>5</FileType>
              <FilePath>..\00-STM32F429_LIBRARIES\fatfs\ff.h</FilePath>
            </File>
            <File>
              <FileName>ffconf.h</FileName>
              <FileType>5</FileType>
              <FilePath>..\00-STM32F429_LIBRARIES\fatfs\ffconf.h</FilePath>
            </File>
            <File>
              <FileName>integer.h</FileName>
              <FileType>5</FileType>
              <FilePath>..\00-STM32F429_LIBRARIES\fatfs\integer.h</FilePath>
            </File>
            <File>
              <FileName>syscall.c</FileName>
              <FileType>1</FileType>
              <FilePath>..\00-STM32F429_LIBRARIES\fatfs\option\syscall.c</FilePath>
            </File>
            <File>
              <FileName>unicode.c</FileName>
              <FileType>1</FileType>
              <FilePath>..\00-STM32F429_LIBRARIES\fatfs\option\unicode.c</FilePath>
            </File>
            <File>
              <FileName>fatfs_usb.c</FileName>
              <FileType>1</FileType>
              <FilePath>..\00-STM32F429_LIBRARIES\fatfs\drivers\fatfs_usb.c</FilePath>
            </File>
            <File>
              <FileName>fatfs_usb.h</FileName>
              <FileType>5</FileType>
              <FilePath>..\00-STM32F429_LIBRARIES\fatfs\drivers\fatfs_usb.h</FilePath>
            </File>
          </Files>
        </Group>
        <Group>
          <GroupName>USB MSC Host</GroupName>
          <Files>
            <File>
              <FileName>usb_bsp.c</FileName>
              <FileType>1</FileType>
              <FilePath>..\00-STM32F429_LIBRARIES\usb_msc_host\usb_bsp.c</FilePath>
            </File>
            <File>
              <FileName>usb_bsp.h</FileName>
              <FileType>5</FileType>
              <FilePath>..\00-STM32F429_LIBRARIES\usb_msc_host\usb_bsp.h</FilePath>
            </File>
            <File>
              <FileName>usb_conf.h</FileName>
              <FileType>5</FileType>
              <FilePath>..\00-STM32F429_LIBRARIES\usb_msc_host\usb_conf.h</FilePath>
            </File>
            <File>
              <FileName>usb_conf_template.h</FileName>
              <FileType>5</FileType>
              <FilePath>..\00-STM32F429_LIBRARIES\usb_msc_host\usb_conf_template.h</FilePath>
            </File>
            <File>
              <FileName>usb_core.c</FileName>
              <FileType>1</FileType>
              <FilePath>..\00-STM32F429_LIBRARIES\usb_msc_host\usb_core.c</FilePath>
            </File>
            <File>
              <FileName>usb_core.h</FileName>
              <FileType>5</FileType>
              <FilePath>..\00-STM32F429_LIBRARIES\usb_msc_host\usb_core.h</FilePath>
            </File>
            <File>
              <FileName>usb_dcd.c</FileName>
              <FileType>1</FileType>
              <FilePath>..\00-STM32F429_LIBRARIES\usb_msc_host\usb_dcd.c</FilePath>
            </File>
            <File>
              <FileName>usb_dcd.h</FileName>
              <FileType>5</FileType>
              <FilePath>..\00-STM32F429_LIBRARIES\usb_msc_host\usb_dcd.h</FilePath>
            </File>
            <File>
              <FileName>usb_dcd_int.h</FileName>
              <FileType>5</FileType>
              <FilePath>..\00-STM32F429_LIBRARIES\usb_msc_host\usb_dcd_int.h</FilePath>
            </File>
            <File>
              <FileName>usb_defines.h</FileName>
              <FileType>5</FileType>
              <FilePath>..\00-STM32F429_LIBRARIES\usb_msc_host\usb_defines.h</FilePath>
            </File>
            <File>
              <FileName>usb_hcd.c</FileName>
              <FileType>1</FileType>
              <FilePath>..\00-STM32F429_LIBRARIES\usb_msc_host\usb_hcd.c</FilePath>
            </File>
            <File>
              <FileName>usb_hcd.h</FileName>
              <FileType>5</FileType>
              <FilePath>..\00-STM32F429_LIBRARIES\usb_msc_host\usb_hcd.h</FilePath>
            </File>
            <File>
              <FileName>usb_hcd_int.c</FileName>
              <FileType>1</FileType>
              <FilePath>..\00-STM32F429_LIBRARIES\usb_msc_host\usb_hcd_int.c</FilePath>
            </File>
            <File>
              <FileName>usb_hcd_int.h</FileName>
              <FileType>5</FileType>
              <FilePath>..\00-STM32F429_LIBRARIES\usb_msc_host\usb_hcd_int.h</FilePath>
            </File>
            <File>
              <FileName>usb_regs.h</FileName>
              <FileType>5</FileType>
              <FilePath>..\00-STM32F429_LIBRARIES\usb_msc_host\usb_regs.h</FilePath>
            </File>
            <File>
              <FileName>usbh_conf.h</FileName>
              <FileType>5</FileType>
              <FilePath>..\00-STM32F429_LIBRARIES\usb_msc_host\usbh_conf.h</FilePath>
            </File>
            <File>
              <FileName>usbh_core.c</FileName>
              <FileType>1</FileType>
              <FilePath>..\00-STM32F429_LIBRARIES\usb_msc_host\usbh_core.c</FilePath>
            </File>
            <File>
              <FileName>usbh_core.h</FileName>
              <FileType>5</FileType>
              <FilePath>..\00-STM32F429_LIBRARIES\usb_msc_host\usbh_core.h</FilePath>
            </File>
            <File>
              <FileName>usbh_def.h</FileName>
              <FileType>5</FileType>
              <FilePath>..\00-STM32F429_LIBRARIES\usb_msc_host\usbh_def.h</FilePath>
            </File>
            <File>
              <FileName>usbh_hcs.c</FileName>
              <FileType>1</FileType>
              <FilePath>..\00-STM32F429_LIBRARIES\usb_msc_host\usbh_hcs.c</FilePath>
            </File>
            <File>
              <FileName>usbh_hcs.h</FileName>
              <FileType>5</FileType>
              <FilePath>..\00-STM32F429_LIBRARIES\usb_msc_host\usbh_hcs.h</FilePath>
            </File>
            <File>
              <FileName>usbh_ioreq.c</FileName>
              <FileType>1</FileType>
              <FilePath>..\00-STM32F429_LIBRARIES\usb_msc_host\usbh_ioreq.c</FilePath>
            </File>
            <File>
              <FileName>usbh_ioreq.h</FileName>
              <FileType>5</FileType>
              <FilePath>..\00-STM32F429_LIBRARIES\usb_msc_host\usbh_ioreq.h</FilePath>
            </File>
            <File>
              <FileName>usbh_msc_bot.c</FileName>
              <FileType>1</FileType>
              <FilePath>..\00-STM32F429_LIBRARIES\usb_msc_host\usbh_msc_bot.c</FilePath>
            </File>
            <File>
              <FileName>usbh_msc_bot.h</FileName>
              <FileType>5</FileType>
              <FilePath>..\00-STM32F429_LIBRARIES\usb_msc_host\usbh_msc_bot.h</FilePath>
            </File>
            <File>
              <FileName>usbh_msc_core.c</FileName>
              <FileType>1</FileType>
              <FilePath>..\00-STM32F429_LIBRARIES\usb_msc_host\usbh_msc_core.c</FilePath>
            </File>
            <File>
              <FileName>usbh_msc_core.h</FileName>
              <FileType>5</FileType>
              <FilePath>..\00-STM32F429_LIBRARIES\usb_msc_host\usbh_msc_core.h</FilePath>
            </File>
            <File>
              <FileName>usbh_msc_scsi.c</FileName>
              <FileType>1</FileType>
              <FilePath>..\00-STM32F429_LIBRARIES\usb_msc_host\usbh_msc_scsi.c</FilePath>
            </File>
            <File>
              <FileName>usbh_msc_scsi.h</FileName>
              <FileType>5</FileType>
              <FilePath>..\00-STM32F429_LIBRARIES\usb_msc_host\usbh_msc_scsi.h</FilePath>
            </File>
            <File>
              <FileName>usbh_stdreq.c</FileName>
              <FileType>1</FileType>
              <FilePath>..\00-STM32F429_LIBRARIES\usb_msc_host\usbh_stdreq.c</FilePath>
            </File>
            <File>
              <FileName>usbh_stdreq.h</FileName>
              <FileType>5</FileType>
              <FilePath>..\00-STM32F429_LIBRARIES\usb_msc_host\usbh_stdreq.h</FilePath>
            </File>
            <File>
              <FileName>usbh_usr.c</FileName>
              <FileType>1</FileType>
              <FilePath>..\00-STM32F429_LIBRARIES\usb_msc_host\usbh_usr.c</FilePath>
            </File>
            <File>
              <FileName>usbh_usr.h</FileName>
              <FileType>5</FileType>
              <FilePath>..\00-STM32F429_LIBRARIES\usb_msc_host\usbh_usr.h</FilePath>
            </File>
          </Files>
        </Group>
      </Groups>
    </Target>
    <Target>
      <TargetName>STM32F429I-Discovery</TargetName>
      <ToolsetNumber>0x4</ToolsetNumber>
      <ToolsetName>ARM-ADS</ToolsetName>
      <TargetOption>
        <TargetCommonOption>
          <Device>STM32F429ZITx</Device>
          <Vendor>STMicroelectronics</Vendor>
          <PackID>Keil.STM32F4xx_DFP.2.4.0</PackID>
          <PackURL>http://www.keil.com/pack</PackURL>
          <Cpu>IROM(0x08000000,0x200000) IRAM(0x20000000,0x30000) IRAM2(0x10000000,0x10000) CPUTYPE("Cortex-M4") FPU2 CLOCK(12000000) ELITTLE</Cpu>
          <FlashUtilSpec></FlashUtilSpec>
          <StartupFile></StartupFile>
          <FlashDriverDll>UL2CM3(-S0 -C0 -P0 -FD20000000 -FC1000 -FN1 -FF0STM32F4xx_2048 -FS08000000 -FL0200000 -FP0($$Device:STM32F429ZITx$CMSIS\Flash\STM32F4xx_2048.FLM))</FlashDriverDll>
          <DeviceId>0</DeviceId>
          <RegisterFile>$$Device:STM32F429ZITx$Drivers\CMSIS\Device\ST\STM32F4xx\Include\stm32f4xx.h</RegisterFile>
          <MemoryEnv></MemoryEnv>
          <Cmp></Cmp>
          <Asm></Asm>
          <Linker></Linker>
          <OHString></OHString>
          <InfinionOptionDll></InfinionOptionDll>
          <SLE66CMisc></SLE66CMisc>
          <SLE66AMisc></SLE66AMisc>
          <SLE66LinkerMisc></SLE66LinkerMisc>
          <SFDFile>$$Device:STM32F429ZITx$CMSIS\SVD\STM32F429x.svd</SFDFile>
          <bCustSvd>0</bCustSvd>
          <UseEnv>0</UseEnv>
          <BinPath></BinPath>
          <IncludePath></IncludePath>
          <LibPath></LibPath>
          <RegisterFilePath></RegisterFilePath>
          <DBRegisterFilePath></DBRegisterFilePath>
          <TargetStatus>
            <Error>0</Error>
            <ExitCodeStop>0</ExitCodeStop>
            <ButtonStop>0</ButtonStop>
            <NotGenerated>0</NotGenerated>
            <InvalidFlash>1</InvalidFlash>
          </TargetStatus>
          <OutputDirectory>.\Targets\STM32F429_Discovery\</OutputDirectory>
          <OutputName>project</OutputName>
          <CreateExecutable>1</CreateExecutable>
          <CreateLib>0</CreateLib>
          <CreateHexFile>1</CreateHexFile>
          <DebugInformation>1</DebugInformation>
          <BrowseInformation>1</BrowseInformation>
          <ListingPath>.\</ListingPath>
          <HexFormatSelection>1</HexFormatSelection>
          <Merge32K>0</Merge32K>
          <CreateBatchFile>0</CreateBatchFile>
          <BeforeCompile>
            <RunUserProg1>0</RunUserProg1>
            <RunUserProg2>0</RunUserProg2>
            <UserProg1Name></UserProg1Name>
            <UserProg2Name></UserProg2Name>
            <UserProg1Dos16Mode>0</UserProg1Dos16Mode>
            <UserProg2Dos16Mode>0</UserProg2Dos16Mode>
            <nStopU1X>0</nStopU1X>
            <nStopU2X>0</nStopU2X>
          </BeforeCompile>
          <BeforeMake>
            <RunUserProg1>0</RunUserProg1>
            <RunUserProg2>0</RunUserProg2>
            <UserProg1Name></UserProg1Name>
            <UserProg2Name></UserProg2Name>
            <UserProg1Dos16Mode>0</UserProg1Dos16Mode>
            <UserProg2Dos16Mode>0</UserProg2Dos16Mode>
            <nStopB1X>0</nStopB1X>
            <nStopB2X>0</nStopB2X>
          </BeforeMake>
          <AfterMake>
            <RunUserProg1>0</RunUserProg1>
            <RunUserProg2>0</RunUserProg2>
            <UserProg1Name></UserProg1Name>
            <UserProg2Name></UserProg2Name>
            <UserProg1Dos16Mode>0</UserProg1Dos16Mode>
            <UserProg2Dos16Mode>0</UserProg2Dos16Mode>
          </AfterMake>
          <SelectedForBatchBuild>1</SelectedForBatchBuild>
          <SVCSIdString></SVCSIdString>
        </TargetCommonOption>
        <CommonProperty>
          <UseCPPCompiler>0</UseCPPCompiler>
          <RVCTCodeConst>0</RVCTCodeConst>
          <RVCTZI>0</RVCTZI>
          <RVCTOtherData>0</RVCTOtherData>
          <ModuleSelection>0</ModuleSelection>
          <IncludeInBuild>1</IncludeInBuild>
          <AlwaysBuild>0</AlwaysBuild>
          <GenerateAssemblyFile>0</GenerateAssemblyFile>
          <AssembleAssemblyFile>0</AssembleAssemblyFile>
          <PublicsOnly>0</PublicsOnly>
          <StopOnExitCode>3</StopOnExitCode>
          <CustomArgument></CustomArgument>
          <IncludeLibraryModules></IncludeLibraryModules>
          <ComprImg>1</ComprImg>
        </CommonProperty>
        <DllOption>
          <SimDllName>SARMCM3.DLL</SimDllName>
          <SimDllArguments> -REMAP -MPU</SimDllArguments>
          <SimDlgDll>DCM.DLL</SimDlgDll>
          <SimDlgDllArguments>-pCM4</SimDlgDllArguments>
          <TargetDllName>SARMCM3.DLL</TargetDllName>
          <TargetDllArguments> -MPU</TargetDllArguments>
          <TargetDlgDll>TCM.DLL</TargetDlgDll>
          <TargetDlgDllArguments>-pCM4</TargetDlgDllArguments>
        </DllOption>
        <DebugOption>
          <OPTHX>
            <HexSelection>1</HexSelection>
            <HexRangeLowAddress>0</HexRangeLowAddress>
            <HexRangeHighAddress>0</HexRangeHighAddress>
            <HexOffset>0</HexOffset>
            <Oh166RecLen>16</Oh166RecLen>
          </OPTHX>
          <Simulator>
            <UseSimulator>0</UseSimulator>
            <LoadApplicationAtStartup>1</LoadApplicationAtStartup>
            <RunToMain>1</RunToMain>
            <RestoreBreakpoints>1</RestoreBreakpoints>
            <RestoreWatchpoints>1</RestoreWatchpoints>
            <RestoreMemoryDisplay>1</RestoreMemoryDisplay>
            <RestoreFunctions>1</RestoreFunctions>
            <RestoreToolbox>1</RestoreToolbox>
            <LimitSpeedToRealTime>0</LimitSpeedToRealTime>
            <RestoreSysVw>1</RestoreSysVw>
          </Simulator>
          <Target>
            <UseTarget>1</UseTarget>
            <LoadApplicationAtStartup>1</LoadApplicationAtStartup>
            <RunToMain>1</RunToMain>
            <RestoreBreakpoints>1</RestoreBreakpoints>
            <RestoreWatchpoints>1</RestoreWatchpoints>
            <RestoreMemoryDisplay>1</RestoreMemoryDisplay>
            <RestoreFunctions>0</RestoreFunctions>
            <RestoreToolbox>1</RestoreToolbox>
            <RestoreTracepoints>1</RestoreTracepoints>
            <RestoreSysVw>1</RestoreSysVw>
          </Target>
          <RunDebugAfterBuild>0</RunDebugAfterBuild>
          <TargetSelection>11</TargetSelection>
          <SimDlls>
            <CpuDll></CpuDll>
            <CpuDllArguments></CpuDllArguments>
            <PeripheralDll></PeripheralDll>
            <PeripheralDllArguments></PeripheralDllArguments>
            <InitializationFile></InitializationFile>
          </SimDlls>
          <TargetDlls>
            <CpuDll></CpuDll>
            <CpuDllArguments></CpuDllArguments>
            <PeripheralDll></PeripheralDll>
            <PeripheralDllArguments></PeripheralDllArguments>
            <InitializationFile></InitializationFile>
            <Driver>STLink\ST-LINKIII-KEIL_SWO.dll</Driver>
          </TargetDlls>
        </DebugOption>
        <Utilities>
          <Flash1>
            <UseTargetDll>1</UseTargetDll>
            <UseExternalTool>0</UseExternalTool>
            <RunIndependent>0</RunIndependent>
            <UpdateFlashBeforeDebugging>1</UpdateFlashBeforeDebugging>
            <Capability>1</Capability>
            <DriverSelection>4096</DriverSelection>
          </Flash1>
          <bUseTDR>1</bUseTDR>
          <Flash2>BIN\UL2CM3.DLL</Flash2>
          <Flash3>"" ()</Flash3>
          <Flash4></Flash4>
          <pFcarmOut></pFcarmOut>
          <pFcarmGrp></pFcarmGrp>
          <pFcArmRoot></pFcArmRoot>
          <FcArmLst>0</FcArmLst>
        </Utilities>
        <TargetArmAds>
          <ArmAdsMisc>
            <GenerateListings>0</GenerateListings>
            <asHll>1</asHll>
            <asAsm>1</asAsm>
            <asMacX>1</asMacX>
            <asSyms>1</asSyms>
            <asFals>1</asFals>
            <asDbgD>1</asDbgD>
            <asForm>1</asForm>
            <ldLst>0</ldLst>
            <ldmm>1</ldmm>
            <ldXref>1</ldXref>
            <BigEnd>0</BigEnd>
            <AdsALst>1</AdsALst>
            <AdsACrf>1</AdsACrf>
            <AdsANop>0</AdsANop>
            <AdsANot>0</AdsANot>
            <AdsLLst>1</AdsLLst>
            <AdsLmap>1</AdsLmap>
            <AdsLcgr>1</AdsLcgr>
            <AdsLsym>1</AdsLsym>
            <AdsLszi>1</AdsLszi>
            <AdsLtoi>1</AdsLtoi>
            <AdsLsun>1</AdsLsun>
            <AdsLven>1</AdsLven>
            <AdsLsxf>1</AdsLsxf>
            <RvctClst>0</RvctClst>
            <GenPPlst>0</GenPPlst>
            <AdsCpuType>"Cortex-M4"</AdsCpuType>
            <RvctDeviceName></RvctDeviceName>
            <mOS>0</mOS>
            <uocRom>0</uocRom>
            <uocRam>0</uocRam>
            <hadIROM>1</hadIROM>
            <hadIRAM>1</hadIRAM>
            <hadXRAM>0</hadXRAM>
            <uocXRam>0</uocXRam>
            <RvdsVP>2</RvdsVP>
            <hadIRAM2>1</hadIRAM2>
            <hadIROM2>0</hadIROM2>
            <StupSel>8</StupSel>
            <useUlib>1</useUlib>
            <EndSel>0</EndSel>
            <uLtcg>0</uLtcg>
            <RoSelD>3</RoSelD>
            <RwSelD>3</RwSelD>
            <CodeSel>0</CodeSel>
            <OptFeed>0</OptFeed>
            <NoZi1>0</NoZi1>
            <NoZi2>0</NoZi2>
            <NoZi3>0</NoZi3>
            <NoZi4>0</NoZi4>
            <NoZi5>0</NoZi5>
            <Ro1Chk>0</Ro1Chk>
            <Ro2Chk>0</Ro2Chk>
            <Ro3Chk>0</Ro3Chk>
            <Ir1Chk>1</Ir1Chk>
            <Ir2Chk>0</Ir2Chk>
            <Ra1Chk>0</Ra1Chk>
            <Ra2Chk>0</Ra2Chk>
            <Ra3Chk>0</Ra3Chk>
            <Im1Chk>1</Im1Chk>
            <Im2Chk>0</Im2Chk>
            <OnChipMemories>
              <Ocm1>
                <Type>0</Type>
                <StartAddress>0x0</StartAddress>
                <Size>0x0</Size>
              </Ocm1>
              <Ocm2>
                <Type>0</Type>
                <StartAddress>0x0</StartAddress>
                <Size>0x0</Size>
              </Ocm2>
              <Ocm3>
                <Type>0</Type>
                <StartAddress>0x0</StartAddress>
                <Size>0x0</Size>
              </Ocm3>
              <Ocm4>
                <Type>0</Type>
                <StartAddress>0x0</StartAddress>
                <Size>0x0</Size>
              </Ocm4>
              <Ocm5>
                <Type>0</Type>
                <StartAddress>0x0</StartAddress>
                <Size>0x0</Size>
              </Ocm5>
              <Ocm6>
                <Type>0</Type>
                <StartAddress>0x0</StartAddress>
                <Size>0x0</Size>
              </Ocm6>
              <IRAM>
                <Type>0</Type>
                <StartAddress>0x20000000</StartAddress>
                <Size>0x30000</Size>
              </IRAM>
              <IROM>
                <Type>1</Type>
                <StartAddress>0x8000000</StartAddress>
                <Size>0x200000</Size>
              </IROM>
              <XRAM>
                <Type>0</Type>
                <StartAddress>0x0</StartAddress>
                <Size>0x0</Size>
              </XRAM>
              <OCR_RVCT1>
                <Type>1</Type>
                <StartAddress>0x0</StartAddress>
                <Size>0x0</Size>
              </OCR_RVCT1>
              <OCR_RVCT2>
                <Type>1</Type>
                <StartAddress>0x0</StartAddress>
                <Size>0x0</Size>
              </OCR_RVCT2>
              <OCR_RVCT3>
                <Type>1</Type>
                <StartAddress>0x0</StartAddress>
                <Size>0x0</Size>
              </OCR_RVCT3>
              <OCR_RVCT4>
                <Type>1</Type>
                <StartAddress>0x8000000</StartAddress>
                <Size>0x200000</Size>
              </OCR_RVCT4>
              <OCR_RVCT5>
                <Type>1</Type>
                <StartAddress>0x0</StartAddress>
                <Size>0x0</Size>
              </OCR_RVCT5>
              <OCR_RVCT6>
                <Type>0</Type>
                <StartAddress>0x0</StartAddress>
                <Size>0x0</Size>
              </OCR_RVCT6>
              <OCR_RVCT7>
                <Type>0</Type>
                <StartAddress>0x0</StartAddress>
                <Size>0x0</Size>
              </OCR_RVCT7>
              <OCR_RVCT8>
                <Type>0</Type>
                <StartAddress>0x0</StartAddress>
                <Size>0x0</Size>
              </OCR_RVCT8>
              <OCR_RVCT9>
                <Type>0</Type>
                <StartAddress>0x20000000</StartAddress>
                <Size>0x30000</Size>
              </OCR_RVCT9>
              <OCR_RVCT10>
                <Type>0</Type>
                <StartAddress>0x10000000</StartAddress>
                <Size>0x10000</Size>
              </OCR_RVCT10>
            </OnChipMemories>
            <RvctStartVector></RvctStartVector>
          </ArmAdsMisc>
          <Cads>
            <interw>1</interw>
            <Optim>0</Optim>
            <oTime>0</oTime>
            <SplitLS>0</SplitLS>
            <OneElfS>0</OneElfS>
            <Strict>0</Strict>
            <EnumInt>0</EnumInt>
            <PlainCh>0</PlainCh>
            <Ropi>0</Ropi>
            <Rwpi>0</Rwpi>
            <wLevel>0</wLevel>
            <uThumb>0</uThumb>
            <uSurpInc>0</uSurpInc>
            <uC99>0</uC99>
            <useXO>0</useXO>
            <VariousControls>
              <MiscControls></MiscControls>
              <Define>STM32F429_439xx,USE_STDPERIPH_DRIVER,STM32F4XX,KEIL_IDE,TM_DISCO_STM32F429_DISCOVERY,HSE_VALUE=8000000,PLL_M=8,PLL_N=360,PLL_P=2,PLL_Q=7,USE_USB_OTG_HS</Define>
              <Undefine></Undefine>
              <IncludePath>.\User;.\TM;..\00-STM32F429_LIBRARIES;..\00-STM32F4xx_STANDARD_PERIPHERAL_DRIVERS\STM32F4xx_StdPeriph_Driver\inc;..\00-STM32F4xx_STANDARD_PERIPHERAL_DRIVERS\STM32F4xx_StdPeriph_Driver\src;..\00-STM32F4xx_STANDARD_PERIPHERAL_DRIVERS\CMSIS\Device\ST\STM32F4xx\Include;..\00-STM32F4xx_STANDARD_PERIPHERAL_DRIVERS\CMSIS\Device\ST\STM32F4xx\Source\Templates\arm;..\00-STM32F4xx_STANDARD_PERIPHERAL_DRIVERS\CMSIS\Include;..\00-STM32F429_LIBRARIES\fatfs;..\00-STM32F429_LIBRARIES\fatfs\option;..\00-STM32F429_LIBRARIES\fatfs\drivers;..\00-STM32F429_LIBRARIES\usb_msc_host</IncludePath>
            </VariousControls>
          </Cads>
          <Aads>
            <interw>1</interw>
            <Ropi>0</Ropi>
            <Rwpi>0</Rwpi>
            <thumb>0</thumb>
            <SplitLS>0</SplitLS>
            <SwStkChk>0</SwStkChk>
            <NoWarn>0</NoWarn>
            <uSurpInc>0</uSurpInc>
            <useXO>0</useXO>
            <VariousControls>
              <MiscControls></MiscControls>
              <Define></Define>
              <Undefine></Undefine>
              <IncludePath></IncludePath>
            </VariousControls>
          </Aads>
          <LDads>
            <umfTarg>1</umfTarg>
            <Ropi>0</Ropi>
            <Rwpi>0</Rwpi>
            <noStLib>0</noStLib>
            <RepFail>1</RepFail>
            <useFile>0</useFile>
            <TextAddressRange>0x08000000</TextAddressRange>
            <DataAddressRange>0x20000000</DataAddressRange>
            <pXoBase></pXoBase>
            <ScatterFile></ScatterFile>
            <IncludeLibs></IncludeLibs>
            <IncludeLibsPath></IncludeLibsPath>
            <Misc></Misc>
            <LinkerInputFile></LinkerInputFile>
            <DisabledWarnings></DisabledWarnings>
          </LDads>
        </TargetArmAds>
      </TargetOption>
      <Groups>
        <Group>
          <GroupName>CMSIS</GroupName>
          <Files>
            <File>
              <FileName>stm32f4xx.h</FileName>
              <FileType>5</FileType>
              <FilePath>..\00-STM32F4xx_STANDARD_PERIPHERAL_DRIVERS\CMSIS\Device\ST\STM32F4xx\Include\stm32f4xx.h</FilePath>
            </File>
            <File>
              <FileName>system_stm32f4xx.h</FileName>
              <FileType>5</FileType>
              <FilePath>..\00-STM32F4xx_STANDARD_PERIPHERAL_DRIVERS\CMSIS\Device\ST\STM32F4xx\Include\system_stm32f4xx.h</FilePath>
            </File>
          </Files>
        </Group>
        <Group>
          <GroupName>Startup</GroupName>
          <Files>
            <File>
              <FileName>startup_stm32f40_41xxx.s</FileName>
              <FileType>2</FileType>
              <FilePath>..\00-STM32F4xx_STANDARD_PERIPHERAL_DRIVERS\CMSIS\Device\ST\STM32F4xx\Source\Templates\arm\startup_stm32f40_41xxx.s</FilePath>
              <FileOption>
                <CommonProperty>
                  <UseCPPCompiler>2</UseCPPCompiler>
                  <RVCTCodeConst>0</RVCTCodeConst>
                  <RVCTZI>0</RVCTZI>
                  <RVCTOtherData>0</RVCTOtherData>
                  <ModuleSelection>0</ModuleSelection>
                  <IncludeInBuild>0</IncludeInBuild>
                  <AlwaysBuild>0</AlwaysBuild>
                  <GenerateAssemblyFile>2</GenerateAssemblyFile>
                  <AssembleAssemblyFile>2</AssembleAssemblyFile>
                  <PublicsOnly>2</PublicsOnly>
                  <StopOnExitCode>11</StopOnExitCode>
                  <CustomArgument></CustomArgument>
                  <IncludeLibraryModules></IncludeLibraryModules>
                  <ComprImg>1</ComprImg>
                </CommonProperty>
                <FileArmAds>
                  <Aads>
                    <interw>2</interw>
                    <Ropi>2</Ropi>
                    <Rwpi>2</Rwpi>
                    <thumb>2</thumb>
                    <SplitLS>2</SplitLS>
                    <SwStkChk>2</SwStkChk>
                    <NoWarn>2</NoWarn>
                    <uSurpInc>2</uSurpInc>
                    <useXO>2</useXO>
                    <VariousControls>
                      <MiscControls></MiscControls>
                      <Define></Define>
                      <Undefine></Undefine>
                      <IncludePath></IncludePath>
                    </VariousControls>
                  </Aads>
                </FileArmAds>
              </FileOption>
            </File>
            <File>
              <FileName>startup_stm32f401xx.s</FileName>
              <FileType>2</FileType>
              <FilePath>..\00-STM32F4xx_STANDARD_PERIPHERAL_DRIVERS\CMSIS\Device\ST\STM32F4xx\Source\Templates\arm\startup_stm32f401xx.s</FilePath>
              <FileOption>
                <CommonProperty>
                  <UseCPPCompiler>2</UseCPPCompiler>
                  <RVCTCodeConst>0</RVCTCodeConst>
                  <RVCTZI>0</RVCTZI>
                  <RVCTOtherData>0</RVCTOtherData>
                  <ModuleSelection>0</ModuleSelection>
                  <IncludeInBuild>0</IncludeInBuild>
                  <AlwaysBuild>0</AlwaysBuild>
                  <GenerateAssemblyFile>2</GenerateAssemblyFile>
                  <AssembleAssemblyFile>2</AssembleAssemblyFile>
                  <PublicsOnly>2</PublicsOnly>
                  <StopOnExitCode>11</StopOnExitCode>
                  <CustomArgument></CustomArgument>
                  <IncludeLibraryModules></IncludeLibraryModules>
                  <ComprImg>1</ComprImg>
                </CommonProperty>
                <FileArmAds>
                  <Aads>
                    <interw>2</interw>
                    <Ropi>2</Ropi>
                    <Rwpi>2</Rwpi>
                    <thumb>2</thumb>
                    <SplitLS>2</SplitLS>
                    <SwStkChk>2</SwStkChk>
                    <NoWarn>2</NoWarn>
                    <uSurpInc>2</uSurpInc>
                    <useXO>2</useXO>
                    <VariousControls>
                      <MiscControls></MiscControls>
                      <Define></Define>
                      <Undefine></Undefine>
                      <IncludePath></IncludePath>
                    </VariousControls>
                  </Aads>
                </FileArmAds>
              </FileOption>
            </File>
            <File>
              <FileName>startup_stm32f411xe.s</FileName>
              <FileType>2</FileType>
              <FilePath>..\00-STM32F4xx_STANDARD_PERIPHERAL_DRIVERS\CMSIS\Device\ST\STM32F4xx\Source\Templates\arm\startup_stm32f411xe.s</FilePath>
              <FileOption>
                <CommonProperty>
                  <UseCPPCompiler>2</UseCPPCompiler>
                  <RVCTCodeConst>0</RVCTCodeConst>
                  <RVCTZI>0</RVCTZI>
                  <RVCTOtherData>0</RVCTOtherData>
                  <ModuleSelection>0</ModuleSelection>
                  <IncludeInBuild>0</IncludeInBuild>
                  <AlwaysBuild>0</AlwaysBuild>
                  <GenerateAssemblyFile>2</GenerateAssemblyFile>
                  <AssembleAssemblyFile>2</AssembleAssemblyFile>
                  <PublicsOnly>2</PublicsOnly>
                  <StopOnExitCode>11</StopOnExitCode>
                  <CustomArgument></CustomArgument>
                  <IncludeLibraryModules></IncludeLibraryModules>
                  <ComprImg>1</ComprImg>
                </CommonProperty>
                <FileArmAds>
                  <Aads>
                    <interw>2</interw>
                    <Ropi>2</Ropi>
                    <Rwpi>2</Rwpi>
                    <thumb>2</thumb>
                    <SplitLS>2</SplitLS>
                    <SwStkChk>2</SwStkChk>
                    <NoWarn>2</NoWarn>
                    <uSurpInc>2</uSurpInc>
                    <useXO>2</useXO>
                    <VariousControls>
                      <MiscControls></MiscControls>
                      <Define></Define>
                      <Undefine></Undefine>
                      <IncludePath></IncludePath>
                    </VariousControls>
                  </Aads>
                </FileArmAds>
              </FileOption>
            </File>
            <File>
              <FileName>startup_stm32f429_439xx.s</FileName>
              <FileType>2</FileType>
              <FilePath>..\00-STM32F4xx_STANDARD_PERIPHERAL_DRIVERS\CMSIS\Device\ST\STM32F4xx\Source\Templates\arm\startup_stm32f429_439xx.s</FilePath>
              <FileOption>
                <CommonProperty>
                  <UseCPPCompiler>2</UseCPPCompiler>
                  <RVCTCodeConst>0</RVCTCodeConst>
                  <RVCTZI>0</RVCTZI>
                  <RVCTOtherData>0</RVCTOtherData>
                  <ModuleSelection>0</ModuleSelection>
                  <IncludeInBuild>1</IncludeInBuild>
                  <AlwaysBuild>1</AlwaysBuild>
                  <GenerateAssemblyFile>2</GenerateAssemblyFile>
                  <AssembleAssemblyFile>2</AssembleAssemblyFile>
                  <PublicsOnly>2</PublicsOnly>
                  <StopOnExitCode>11</StopOnExitCode>
                  <CustomArgument></CustomArgument>
                  <IncludeLibraryModules></IncludeLibraryModules>
                  <ComprImg>1</ComprImg>
                </CommonProperty>
                <FileArmAds>
                  <Aads>
                    <interw>2</interw>
                    <Ropi>2</Ropi>
                    <Rwpi>2</Rwpi>
                    <thumb>2</thumb>
                    <SplitLS>2</SplitLS>
                    <SwStkChk>2</SwStkChk>
                    <NoWarn>2</NoWarn>
                    <uSurpInc>2</uSurpInc>
                    <useXO>2</useXO>
                    <VariousControls>
                      <MiscControls></MiscControls>
                      <Define></Define>
                      <Undefine></Undefine>
                      <IncludePath></IncludePath>
                    </VariousControls>
                  </Aads>
                </FileArmAds>
              </FileOption>
            </File>
            <File>
              <FileName>startup_stm32f446xx.s</FileName>
              <FileType>2</FileType>
              <FilePath>..\00-STM32F4xx_STANDARD_PERIPHERAL_DRIVERS\CMSIS\Device\ST\STM32F4xx\Source\Templates\arm\startup_stm32f446xx.s</FilePath>
              <FileOption>
                <CommonProperty>
                  <UseCPPCompiler>2</UseCPPCompiler>
                  <RVCTCodeConst>0</RVCTCodeConst>
                  <RVCTZI>0</RVCTZI>
                  <RVCTOtherData>0</RVCTOtherData>
                  <ModuleSelection>0</ModuleSelection>
                  <IncludeInBuild>0</IncludeInBuild>
                  <AlwaysBuild>2</AlwaysBuild>
                  <GenerateAssemblyFile>2</GenerateAssemblyFile>
                  <AssembleAssemblyFile>2</AssembleAssemblyFile>
                  <PublicsOnly>2</PublicsOnly>
                  <StopOnExitCode>11</StopOnExitCode>
                  <CustomArgument></CustomArgument>
                  <IncludeLibraryModules></IncludeLibraryModules>
                  <ComprImg>1</ComprImg>
                </CommonProperty>
                <FileArmAds>
                  <Aads>
                    <interw>2</interw>
                    <Ropi>2</Ropi>
                    <Rwpi>2</Rwpi>
                    <thumb>2</thumb>
                    <SplitLS>2</SplitLS>
                    <SwStkChk>2</SwStkChk>
                    <NoWarn>2</NoWarn>
                    <uSurpInc>2</uSurpInc>
                    <useXO>2</useXO>
                    <VariousControls>
                      <MiscControls></MiscControls>
                      <Define></Define>
                      <Undefine></Undefine>
                      <IncludePath></IncludePath>
                    </VariousControls>
                  </Aads>
                </FileArmAds>
              </FileOption>
            </File>
          </Files>
        </Group>
        <Group>
          <GroupName>STD_Periph_Drivers</GroupName>
          <Files>
            <File>
              <FileName>misc.c</FileName>
              <FileType>1</FileType>
              <FilePath>..\00-STM32F4xx_STANDARD_PERIPHERAL_DRIVERS\STM32F4xx_StdPeriph_Driver\src\misc.c</FilePath>
            </File>
            <File>
              <FileName>stm32f4xx_rcc.c</FileName>
              <FileType>1</FileType>
              <FilePath>..\00-STM32F4xx_STANDARD_PERIPHERAL_DRIVERS\STM32F4xx_StdPeriph_Driver\src\stm32f4xx_rcc.c</FilePath>
            </File>
            <File>
              <FileName>stm32f4xx_gpio.c</FileName>
              <FileType>1</FileType>
              <FilePath>..\00-STM32F4xx_STANDARD_PERIPHERAL_DRIVERS\STM32F4xx_StdPeriph_Driver\src\stm32f4xx_gpio.c</FilePath>
            </File>
            <File>
              <FileName>stm32f4xx_usart.c</FileName>
              <FileType>1</FileType>
              <FilePath>..\00-STM32F4xx_STANDARD_PERIPHERAL_DRIVERS\STM32F4xx_StdPeriph_Driver\src\stm32f4xx_usart.c</FilePath>
            </File>
          </Files>
        </Group>
        <Group>
          <GroupName>TM</GroupName>
          <Files>
            <File>
              <FileName>tm_stm32f4_delay.c</FileName>
              <FileType>1</FileType>
              <FilePath>..\00-STM32F429_LIBRARIES\tm_stm32f4_delay.c</FilePath>
            </File>
            <File>
              <FileName>tm_stm32f4_delay.h</FileName>
              <FileType>5</FileType>
              <FilePath>..\00-STM32F429_LIBRARIES\tm_stm32f4_delay.h</FilePath>
            </File>
            <File>
              <FileName>tm_stm32f4_disco.c</FileName>
              <FileType>1</FileType>
              <FilePath>..\00-STM32F429_LIBRARIES\tm_stm32f4_disco.c</FilePath>
            </File>
            <File>
              <FileName>tm_stm32f4_disco.h</FileName>
              <FileType>5</FileType>
              <FilePath>..\00-STM32F429_LIBRARIES\tm_stm32f4_disco.h</FilePath>
            </File>
            <File>
              <FileName>tm_stm32f4_gpio.c</FileName>
              <FileType>1</FileType>
              <FilePath>..\00-STM32F429_LIBRARIES\tm_stm32f4_gpio.c</FilePath>
            </File>
            <File>
              <FileName>tm_stm32f4_gpio.h</FileName>
              <FileType>5</FileType>
              <FilePath>..\00-STM32F429_LIBRARIES\tm_stm32f4_gpio.h</FilePath>
            </File>
            <File>
              <FileName>tm_stm32f4_fatfs.c</FileName>
              <FileType>1</FileType>
              <FilePath>..\00-STM32F429_LIBRARIES\tm_stm32f4_fatfs.c</FilePath>
            </File>
            <File>
              <FileName>tm_stm32f4_fatfs.h</FileName>
              <FileType>5</FileType>
              <FilePath>..\00-STM32F429_LIBRARIES\tm_stm32f4_fatfs.h</FilePath>
            </File>
            <File>
              <FileName>tm_stm32f4_gps.c</FileName>
              <FileType>1</FileType>
              <FilePath>..\00-STM32F429_LIBRARIES\tm_stm32f4_gps.c</FilePath>
            </File>
            <File>
              <FileName>tm_stm32f4_gps.h</FileName>
              <FileType>5</FileType>
              <FilePath>..\00-STM32F429_LIBRARIES\tm_stm32f4_gps.h</FilePath>
            </File>
            <File>
              <FileName>tm_stm32f4_usart.c</FileName>
              <FileType>1</FileType>
              <FilePath>..\00-STM32F429_LIBRARIES\tm_stm32f4_usart.c</FilePath>
            </File>
            <File>
              <FileName>tm_stm32f4_usart.h</FileName>
              <FileType>5</FileType>
              <FilePath>..\00-STM32F429_LIBRARIES\tm_stm32f4_usart.h</FilePath>
            </File>
            <File>
              <FileName>tm_stm32f4_usb_msc_host.c</FileName>
              <FileType>1</FileType>
              <FilePath>..\00-STM32F429_LIBRARIES\tm_stm32f4_usb_msc_host.c</FilePath>
            </File>
            <File>
              <FileName>tm_stm32f4_usb_msc_host.h</FileName>
              <FileType>5</FileType>
              <FilePath>..\00-STM32F429_LIBRARIES\tm_stm32f4_usb_msc_host.h</FilePath>
            </File>
            <File>
              <FileName>tm_stm32f4_button.c</FileName>
              <FileType>1</FileType>
              <FilePath>..\00-STM32F429_LIBRARIES\tm_stm32f4_button.c</FilePath>
            </File>
            <File>
              <FileName>tm_stm32f4_button.h</FileName>
              <FileType>5</FileType>
              <FilePath>..\00-STM32F429_LIBRARIES\tm_stm32f4_button.h</FilePath>
            </File>
            <File>
              <FileName>tm_stm32f4_general.c</FileName>
              <FileType>1</FileType>
              <FilePath>..\00-STM32F429_LIBRARIES\tm_stm32f4_general.c</FilePath>
            </File>
            <File>
              <FileName>tm_stm32f4_general.h</FileName>
              <FileType>5</FileType>
              <FilePath>..\00-STM32F429_LIBRARIES\tm_stm32f4_general.h</FilePath>
            </File>
          </Files>
        </Group>
        <Group>
          <GroupName>User</GroupName>
          <Files>
            <File>
              <FileName>main.h</FileName>
              <FileType>5</FileType>
              <FilePath>.\User\main.h</FilePath>
            </File>
            <File>
              <FileName>main.c</FileName>
              <FileType>1</FileType>
              <FilePath>.\User\main.c</FilePath>
            </File>
            <File>
              <FileName>defines.h</FileName>
              <FileType>5</FileType>
              <FilePath>.\User\defines.h</FilePath>
            </File>
            <File>
              <FileName>stm32f4xx_conf.h</FileName>
              <FileType>5</FileType>
              <FilePath>.\User\stm32f4xx_conf.h</FilePath>
            </File>
            <File>
              <FileName>stm32f4xx_it.c</FileName>
              <FileType>1</FileType>
              <FilePath>.\User\stm32f4xx_it.c</FilePath>
            </File>
            <File>
              <FileName>stm32f4xx_it.h</FileName>
              <FileType>5</FileType>
              <FilePath>.\User\stm32f4xx_it.h</FilePath>
            </File>
            <File>
              <FileName>system_stm32f4xx.c</FileName>
              <FileType>1</FileType>
              <FilePath>.\User\system_stm32f4xx.c</FilePath>
            </File>
          </Files>
        </Group>
        <Group>
          <GroupName>Fatfs</GroupName>
          <Files>
            <File>
              <FileName>diskio.c</FileName>
              <FileType>1</FileType>
              <FilePath>..\00-STM32F429_LIBRARIES\fatfs\diskio.c</FilePath>
            </File>
            <File>
              <FileName>diskio.h</FileName>
              <FileType>5</FileType>
              <FilePath>..\00-STM32F429_LIBRARIES\fatfs\diskio.h</FilePath>
            </File>
            <File>
              <FileName>ff.c</FileName>
              <FileType>1</FileType>
              <FilePath>..\00-STM32F429_LIBRARIES\fatfs\ff.c</FilePath>
            </File>
            <File>
              <FileName>ff.h</FileName>
              <FileType>5</FileType>
              <FilePath>..\00-STM32F429_LIBRARIES\fatfs\ff.h</FilePath>
            </File>
            <File>
              <FileName>ffconf.h</FileName>
              <FileType>5</FileType>
              <FilePath>..\00-STM32F429_LIBRARIES\fatfs\ffconf.h</FilePath>
            </File>
            <File>
              <FileName>integer.h</FileName>
              <FileType>5</FileType>
              <FilePath>..\00-STM32F429_LIBRARIES\fatfs\integer.h</FilePath>
            </File>
            <File>
              <FileName>syscall.c</FileName>
              <FileType>1</FileType>
              <FilePath>..\00-STM32F429_LIBRARIES\fatfs\option\syscall.c</FilePath>
            </File>
            <File>
              <FileName>unicode.c</FileName>
              <FileType>1</FileType>
              <FilePath>..\00-STM32F429_LIBRARIES\fatfs\option\unicode.c</FilePath>
            </File>
            <File>
              <FileName>fatfs_usb.c</FileName>
              <FileType>1</FileType>
              <FilePath>..\00-STM32F429_LIBRARIES\fatfs\drivers\fatfs_usb.c</FilePath>
            </File>
            <File>
              <FileName>fatfs_usb.h</FileName>
              <FileType>5</FileType>
              <FilePath>..\00-STM32F429_LIBRARIES\fatfs\drivers\fatfs_usb.h</FilePath>
            </File>
          </Files>
        </Group>
        <Group>
          <GroupName>USB MSC Host</GroupName>
          <Files>
            <File>
              <FileName>usb_bsp.c</FileName>
              <FileType>1</FileType>
              <FilePath>..\00-STM32F429_LIBRARIES\usb_msc_host\usb_bsp.c</FilePath>
            </File>
            <File>
              <FileName>usb_bsp.h</FileName>
              <FileType>5</FileType>
              <FilePath>..\00-STM32F429_LIBRARIES\usb_msc_host\usb_bsp.h</FilePath>
            </File>
            <File>
              <FileName>usb_conf.h</FileName>
              <FileType>5</FileType>
              <FilePath>..\00-STM32F429_LIBRARIES\usb_msc_host\usb_conf.h</FilePath>
            </File>
            <File>
              <FileName>usb_conf_template.h</FileName>
              <FileType>5</FileType>
              <FilePath>..\00-STM32F429_LIBRARIES\usb_msc_host\usb_conf_template.h</FilePath>
            </File>
            <File>
              <FileName>usb_core.c</FileName>
              <FileType>1</FileType>
              <FilePath>..\00-STM32F429_LIBRARIES\usb_msc_host\usb_core.c</FilePath>
            </File>
            <File>
              <FileName>usb_core.h</FileName>
              <FileType>5</FileType>
              <FilePath>..\00-STM32F429_LIBRARIES\usb_msc_host\usb_core.h</FilePath>
            </File>
            <File>
              <FileName>usb_dcd.c</FileName>
              <FileType>1</FileType>
              <FilePath>..\00-STM32F429_LIBRARIES\usb_msc_host\usb_dcd.c</FilePath>
            </File>
            <File>
              <FileName>usb_dcd.h</FileName>
              <FileType>5</FileType>
              <FilePath>..\00-STM32F429_LIBRARIES\usb_msc_host\usb_dcd.h</FilePath>
            </File>
            <File>
              <FileName>usb_dcd_int.h</FileName>
              <FileType>5</FileType>
              <FilePath>..\00-STM32F429_LIBRARIES\usb_msc_host\usb_dcd_int.h</FilePath>
            </File>
            <File>
              <FileName>usb_defines.h</FileName>
              <FileType>5</FileType>
              <FilePath>..\00-STM32F429_LIBRARIES\usb_msc_host\usb_defines.h</FilePath>
            </File>
            <File>
              <FileName>usb_hcd.c</FileName>
              <FileType>1</FileType>
              <FilePath>..\00-STM32F429_LIBRARIES\usb_msc_host\usb_hcd.c</FilePath>
            </File>
            <File>
              <FileName>usb_hcd.h</FileName>
              <FileType>5</FileType>
              <FilePath>..\00-STM32F429_LIBRARIES\usb_msc_host\usb_hcd.h</FilePath>
            </File>
            <File>
              <FileName>usb_hcd_int.c</FileName>
              <FileType>1</FileType>
              <FilePath>..\00-STM32F429_LIBRARIES\usb_msc_host\usb_hcd_int.c</FilePath>
            </File>
            <File>
              <FileName>usb_hcd_int.h</FileName>
              <FileType>5</FileType>
              <FilePath>..\00-STM32F429_LIBRARIES\usb_msc_host\usb_hcd_int.h</FilePath>
            </File>
            <File>
              <FileName>usb_regs.h</FileName>
              <FileType>5</FileType>
              <FilePath>..\00-STM32F429_LIBRARIES\usb_msc_host\usb_regs.h</FilePath>
            </File>
            <File>
              <FileName>usbh_conf.h</FileName>
              <FileType>5</FileType>
              <FilePath>..\00-STM32F429_LIBRARIES\usb_msc_host\usbh_conf.h</FilePath>
            </File>
            <File>
              <FileName>usbh_core.c</FileName>
              <FileType>1</FileType>
              <FilePath>..\00-STM32F429_LIBRARIES\usb_msc_host\usbh_core.c</FilePath>
            </File>
            <File>
              <FileName>usbh_core.h</FileName>
              <FileType>5</FileType>
              <FilePath>..\00-STM32F429_LIBRARIES\usb_msc_host\usbh_core.h</FilePath>
            </File>
            <File>
              <FileName>usbh_def.h</FileName>
              <FileType>5</FileType>
              <FilePath>..\00-STM32F429_LIBRARIES\usb_msc_host\usbh_def.h</FilePath>
            </File>
            <File>
              <FileName>usbh_hcs.c</FileName>
              <FileType>1</FileType>
              <FilePath>..\00-STM32F429_LIBRARIES\usb_msc_host\usbh_hcs.c</FilePath>
            </File>
            <File>
              <FileName>usbh_hcs.h</FileName>
              <FileType>5</FileType>
              <FilePath>..\00-STM32F429_LIBRARIES\usb_msc_host\usbh_hcs.h</FilePath>
            </File>
            <File>
              <FileName>usbh_ioreq.c</FileName>
              <FileType>1</FileType>
              <FilePath>..\00-STM32F429_LIBRARIES\usb_msc_host\usbh_ioreq.c</FilePath>
            </File>
            <File>
              <FileName>usbh_ioreq.h</FileName>
              <FileType>5</FileType>
              <FilePath>..\00-STM32F429_LIBRARIES\usb_msc_host\usbh_ioreq.h</FilePath>
            </File>
            <File>
              <FileName>usbh_msc_bot.c</FileName>
              <FileType>1</FileType>
              <FilePath>..\00-STM32F429_LIBRARIES\usb_msc_host\usbh_msc_bot.c</FilePath>
            </File>
            <File>
              <FileName>usbh_msc_bot.h</FileName>
              <FileType>5</FileType>
              <FilePath>..\00-STM32F429_LIBRARIES\usb_msc_host\usbh_msc_bot.h</FilePath>
            </File>
            <File>
              <FileName>usbh_msc_core.c</FileName>
              <FileType>1</FileType>
              <FilePath>..\00-STM32F429_LIBRARIES\usb_msc_host\usbh_msc_core.c</FilePath>
            </File>
            <File>
              <FileName>usbh_msc_core.h</FileName>
              <FileType>5</FileType>
              <FilePath>..\00-STM32F429_LIBRARIES\usb_msc_host\usbh_msc_core.h</FilePath>
            </File>
            <File>
              <FileName>usbh_msc_scsi.c</FileName>
              <FileType>1</FileType>
              <FilePath>..\00-STM32F429_LIBRARIES\usb_msc_host\usbh_msc_scsi.c</FilePath>
            </File>
            <File>
              <FileName>usbh_msc_scsi.h</FileName>
              <FileType>5</FileType>
              <FilePath>..\00-STM32F429_LIBRARIES\usb_msc_host\usbh_msc_scsi.h</FilePath>
            </File>
            <File>
              <FileName>usbh_stdreq.c</FileName>
              <FileType>1</FileType>
              <FilePath>..\00-STM32F429_LIBRARIES\usb_msc_host\usbh_stdreq.c</FilePath>
            </File>
            <File>
              <FileName>usbh_stdreq.h</FileName>
              <FileType>5</FileType>
              <FilePath>..\00-STM32F429_LIBRARIES\usb_msc_host\usbh_stdreq.h</FilePath>
            </File>
            <File>
              <FileName>usbh_usr.c</FileName>
              <FileType>1</FileType>
              <FilePath>..\00-STM32F429_LIBRARIES\usb_msc_host\usbh_usr.c</FilePath>
            </File>
            <File>
              <FileName>usbh_usr.h</FileName>
              <FileType>5</FileType>
              <FilePath>..\00-STM32F429_LIBRARIES\usb_msc_host\usbh_usr.h</FilePath>
            </File>
          </Files>
        </Group>
      </Groups>
    </Target>
  </Targets>

</Project>
